username,fuzzed_usernames
yberFox123,yberFox12317
yberFox123,yberFox1239
yberFox123,yberFox12335
yberFox123,yberFox12367
yberFox123,yberFox12354
yberFox123,yberFox12345
yberFox123,yberFox12326
yberFox123,yberFox12319
yberFox123,yberFox12338
yberFox123,yberFox12362
yberFox123,yberFox12365
yberFox123,yberFox12311
yberFox123,yberFox1233
yberFox123,yberFox12334
yberFox123,yberFox12393
yberFox123,yberFox12328
yberFox123,yberFox1238
yberFox123,yberFox12382
yberFox123,yberFox12340
yberFox123,yberFox12329
yberFox123,yberFox12355
yberFox123,yberFox12321
yberFox123,yberFox12364
yberFox123,yberFox12375
yberFox123,yberFox12356
yberFox123,yberFox12339
yberFox123,yberFox12377
yberFox123,yberFox12315
yberFox123,yberFox12359
yberFox123,yberFox12346
yberFox123,yberFox1230
yberFox123,yberFox12363
yberFox123,yberFox12310
yberFox123,yberFox12376
yberFox123,yberFox12398
yberFox123,yberFox12330
yberFox123,yberFox1236
yberFox123,yberFox12347
yberFox123,yber_Fox123
yberFox123,yberFox12379
yberFox123,yberFox12323
yberFox123,yberFox12391
yberFox123,yberFox12348
yberFox123,yberFox12384
yberFox123,yberFox12336
yberFox123,yberFox123
yberFox123,yberFox12381
yberFox123,yberFox12360
yberFox123,yberFox12372
yberFox123,yberFox12383
yberFox123,yberFox12337
yberFox123,yberFox12331
yberFox123,yberFox12316
yberFox123,yberFox12392
yberFox123,yberFox12341
yberFox123,yberFox12387
yberFox123,yberFox12320
yberFox123,yberFox12358
yberFox123,yberfox123
yberFox123,yberFox12349
yberFox123,yberFox12380
yberFox123,yberFox12325
yberFox123,yberFox12394
yberFox123,yberFox12332
yberFox123,yberFox12399
yberFox123,yberFox12385
yberFox123,yberFox12396
yberFox123,yberFox12351
yberFox123,yberFox12324
yberFox123,yberFox12353
yberFox123,yberFox12343
yberFox123,yberFox12333
yberFox123,yberFox12312
yberFox123,yberFox12378
yberFox123,yberFox12327
yberFox123,yberFox12344
yberFox123,yberFox1237
yberFox123,yberFox1235
yberFox123,yberFox12371
yberFox123,yberFox1234
yberFox123,yberFox12352
yberFox123,yberFox12374
yberFox123,yberFox12388
yberFox123,yberFox12314
yberFox123,yberFox12322
yberFox123,yberFox12369
yberFox123,yberFox12357
yberFox123,yberFox12366
yberFox123,yberFox12386
yberFox123,yberFox12313
yberFox123,yberFox12318
yberFox123,yberFox1231
yberFox123,yberFox12389
yberFox123,yberFox12395
yberFox123,yb3rF0x123
yberFox123,yberFox12397
yberFox123,yberFox12342
yberFox123,yberFox12390
yberFox123,yberFox12373
yberFox123,yberFox1232
yberFox123,yber-Fox123
yberFox123,321xoFreby
yberFox123,yberFox12368
yberFox123,yberFox12350
yberFox123,Yberfox123
yberFox123,yberFox12361
yberFox123,yberFox12370
yberFox123,YBERFOX123
ShadowHawk88,ShadowHawk8882
ShadowHawk88,ShadowHawk8894
ShadowHawk88,ShadowHawk8849
ShadowHawk88,ShadowHawk8860
ShadowHawk88,ShadowHawk8892
ShadowHawk88,ShadowHawk8880
ShadowHawk88,ShadowHawk8812
ShadowHawk88,ShadowHawk8840
ShadowHawk88,ShadowHawk8889
ShadowHawk88,ShadowHawk8878
ShadowHawk88,ShadowHawk8895
ShadowHawk88,ShadowHawk886
ShadowHawk88,ShadowHawk8837
ShadowHawk88,ShadowHawk8839
ShadowHawk88,ShadowHawk8828
ShadowHawk88,ShadowHawk881
ShadowHawk88,ShadowHawk8811
ShadowHawk88,ShadowHawk8898
ShadowHawk88,ShadowHawk884
ShadowHawk88,ShadowHawk8833
ShadowHawk88,ShadowHawk8836
ShadowHawk88,ShadowHawk8851
ShadowHawk88,ShadowHawk8856
ShadowHawk88,ShadowHawk8891
ShadowHawk88,ShadowHawk8845
ShadowHawk88,ShadowHawk885
ShadowHawk88,ShadowHawk880
ShadowHawk88,ShadowHawk8814
ShadowHawk88,ShadowHawk8852
ShadowHawk88,ShadowHawk8872
ShadowHawk88,ShadowHawk8893
ShadowHawk88,ShadowHawk8827
ShadowHawk88,ShadowHawk8834
ShadowHawk88,ShadowHawk8857
ShadowHawk88,Shadow_Hawk88
ShadowHawk88,ShadowHawk8829
ShadowHawk88,ShadowHawk8822
ShadowHawk88,ShadowHawk8815
ShadowHawk88,ShadowHawk8873
ShadowHawk88,ShadowHawk8897
ShadowHawk88,ShadowHawk8896
ShadowHawk88,88kwaHwodahS
ShadowHawk88,ShadowHawk8877
ShadowHawk88,ShadowHawk883
ShadowHawk88,ShadowHawk8830
ShadowHawk88,ShadowHawk8861
ShadowHawk88,ShadowHawk8864
ShadowHawk88,ShadowHawk8886
ShadowHawk88,ShadowHawk8841
ShadowHawk88,ShadowHawk8858
ShadowHawk88,ShadowHawk8816
ShadowHawk88,ShadowHawk8859
ShadowHawk88,shadowhawk88
ShadowHawk88,ShadowHawk8899
ShadowHawk88,ShadowHawk8854
ShadowHawk88,ShadowHawk882
ShadowHawk88,ShadowHawk8824
ShadowHawk88,ShadowHawk8863
ShadowHawk88,ShadowHawk887
ShadowHawk88,ShadowHawk8883
ShadowHawk88,ShadowHawk8842
ShadowHawk88,ShadowHawk8847
ShadowHawk88,ShadowHawk8832
ShadowHawk88,Shadow-Hawk88
ShadowHawk88,Shadowhawk88
ShadowHawk88,ShadowHawk8867
ShadowHawk88,ShadowHawk8887
ShadowHawk88,ShadowHawk8838
ShadowHawk88,ShadowHawk8853
ShadowHawk88,ShadowHawk8890
ShadowHawk88,Sh4d0wH4wk88
ShadowHawk88,ShadowHawk888
ShadowHawk88,ShadowHawk8825
ShadowHawk88,ShadowHawk8843
ShadowHawk88,ShadowHawk88
ShadowHawk88,ShadowHawk8813
ShadowHawk88,ShadowHawk8819
ShadowHawk88,ShadowHawk8866
ShadowHawk88,ShadowHawk8862
ShadowHawk88,ShadowHawk8884
ShadowHawk88,ShadowHawk8826
ShadowHawk88,ShadowHawk8875
ShadowHawk88,ShadowHawk8885
ShadowHawk88,ShadowHawk8868
ShadowHawk88,ShadowHawk8871
ShadowHawk88,ShadowHawk8888
ShadowHawk88,ShadowHawk8823
ShadowHawk88,ShadowHawk8846
ShadowHawk88,SHADOWHAWK88
ShadowHawk88,ShadowHawk8874
ShadowHawk88,ShadowHawk8870
ShadowHawk88,ShadowHawk8855
ShadowHawk88,ShadowHawk8879
ShadowHawk88,ShadowHawk8817
ShadowHawk88,ShadowHawk8850
ShadowHawk88,ShadowHawk8821
ShadowHawk88,ShadowHawk8865
ShadowHawk88,ShadowHawk8869
ShadowHawk88,ShadowHawk8831
ShadowHawk88,ShadowHawk8820
ShadowHawk88,ShadowHawk8835
ShadowHawk88,ShadowHawk8810
ShadowHawk88,ShadowHawk8881
ShadowHawk88,ShadowHawk8844
ShadowHawk88,ShadowHawk8818
ShadowHawk88,ShadowHawk8876
ShadowHawk88,ShadowHawk889
ShadowHawk88,ShadowHawk8848
PixelPhantom,PixelPhantom46
PixelPhantom,PixelPhantom80
PixelPhantom,PixelPhantom65
PixelPhantom,PixelPhantom14
PixelPhantom,PixelPhantom84
PixelPhantom,PixelPhantom30
PixelPhantom,PixelPhantom62
PixelPhantom,PixelPhantom87
PixelPhantom,PixelPhantom34
PixelPhantom,PixelPhantom5
PixelPhantom,PixelPhantom49
PixelPhantom,PixelPhantom33
PixelPhantom,PixelPhantom42
PixelPhantom,PixelPhantom89
PixelPhantom,PixelPhantom74
PixelPhantom,PixelPhantom0
PixelPhantom,PixelPhantom2
PixelPhantom,PixelPhantom66
PixelPhantom,PixelPhantom96
PixelPhantom,PixelPhantom68
PixelPhantom,PixelPhantom26
PixelPhantom,PixelPhantom98
PixelPhantom,PixelPhantom13
PixelPhantom,PixelPhantom3
PixelPhantom,PixelPhantom69
PixelPhantom,PixelPhantom29
PixelPhantom,PixelPhantom15
PixelPhantom,PixelPhantom18
PixelPhantom,PixelPhantom10
PixelPhantom,PixelPhantom75
PixelPhantom,PixelPhantom91
PixelPhantom,PixelPhantom95
PixelPhantom,PixelPhantom19
PixelPhantom,PixelPhantom52
PixelPhantom,PixelPhantom71
PixelPhantom,PixelPhantom36
PixelPhantom,PixelPhantom67
PixelPhantom,PixelPhantom93
PixelPhantom,PixelPhantom86
PixelPhantom,PixelPhantom88
PixelPhantom,Pixel-Phantom
PixelPhantom,PixelPhantom99
PixelPhantom,PixelPhantom16
PixelPhantom,PixelPhantom92
PixelPhantom,PixelPhantom31
PixelPhantom,PixelPhantom60
PixelPhantom,PixelPhantom12
PixelPhantom,PixelPhantom17
PixelPhantom,PixelPhantom58
PixelPhantom,PixelPhantom82
PixelPhantom,PixelPhantom70
PixelPhantom,PixelPhantom53
PixelPhantom,PixelPhantom72
PixelPhantom,PixelPhantom73
PixelPhantom,PixelPhantom4
PixelPhantom,PixelPhantom78
PixelPhantom,PixelPhantom51
PixelPhantom,PixelPhantom40
PixelPhantom,PixelPhantom28
PixelPhantom,PixelPhantom22
PixelPhantom,PixelPhantom35
PixelPhantom,PixelPhantom79
PixelPhantom,Pixelphantom
PixelPhantom,PixelPhantom54
PixelPhantom,P1x3lPh4nt0m
PixelPhantom,PixelPhantom76
PixelPhantom,PixelPhantom63
PixelPhantom,PixelPhantom41
PixelPhantom,PixelPhantom83
PixelPhantom,motnahPlexiP
PixelPhantom,PixelPhantom37
PixelPhantom,PixelPhantom38
PixelPhantom,PixelPhantom61
PixelPhantom,PixelPhantom90
PixelPhantom,PixelPhantom21
PixelPhantom,PixelPhantom44
PixelPhantom,PixelPhantom48
PixelPhantom,PixelPhantom27
PixelPhantom,PixelPhantom9
PixelPhantom,PixelPhantom20
PixelPhantom,PixelPhantom32
PixelPhantom,pixelphantom
PixelPhantom,PixelPhantom94
PixelPhantom,Pixel_Phantom
PixelPhantom,PixelPhantom1
PixelPhantom,PixelPhantom50
PixelPhantom,PixelPhantom6
PixelPhantom,PixelPhantom64
PixelPhantom,PixelPhantom23
PixelPhantom,PixelPhantom45
PixelPhantom,PixelPhantom24
PixelPhantom,PixelPhantom59
PixelPhantom,PixelPhantom77
PixelPhantom,PixelPhantom81
PixelPhantom,PixelPhantom85
PixelPhantom,PixelPhantom97
PixelPhantom,PixelPhantom8
PixelPhantom,PixelPhantom25
PixelPhantom,PIXELPHANTOM
PixelPhantom,PixelPhantom43
PixelPhantom,PixelPhantom7
PixelPhantom,PixelPhantom56
PixelPhantom,PixelPhantom47
PixelPhantom,PixelPhantom39
PixelPhantom,PixelPhantom55
PixelPhantom,PixelPhantom57
PixelPhantom,PixelPhantom11
PixelPhantom,PixelPhantom
CodeWarrior42,CodeWarrior4240
CodeWarrior42,CodeWarrior4266
CodeWarrior42,CodeWarrior429
CodeWarrior42,CodeWarrior4283
CodeWarrior42,CodeWarrior4296
CodeWarrior42,CodeWarrior4298
CodeWarrior42,CodeWarrior4264
CodeWarrior42,CodeWarrior4211
CodeWarrior42,CodeWarrior4223
CodeWarrior42,CodeWarrior4216
CodeWarrior42,CodeWarrior424
CodeWarrior42,CodeWarrior4297
CodeWarrior42,CodeWarrior4282
CodeWarrior42,CodeWarrior4289
CodeWarrior42,CodeWarrior4210
CodeWarrior42,C0d3W4rr10r42
CodeWarrior42,CodeWarrior4281
CodeWarrior42,CodeWarrior4299
CodeWarrior42,CodeWarrior4268
CodeWarrior42,CodeWarrior4239
CodeWarrior42,CodeWarrior4249
CodeWarrior42,CodeWarrior4290
CodeWarrior42,CodeWarrior4232
CodeWarrior42,CodeWarrior4284
CodeWarrior42,CodeWarrior4277
CodeWarrior42,CodeWarrior4258
CodeWarrior42,CodeWarrior4292
CodeWarrior42,CodeWarrior4228
CodeWarrior42,CodeWarrior4215
CodeWarrior42,CodeWarrior4241
CodeWarrior42,CodeWarrior4256
CodeWarrior42,CodeWarrior4260
CodeWarrior42,CodeWarrior4270
CodeWarrior42,CodeWarrior4278
CodeWarrior42,CodeWarrior4257
CodeWarrior42,CodeWarrior4295
CodeWarrior42,CodeWarrior4220
CodeWarrior42,CodeWarrior4244
CodeWarrior42,CodeWarrior4227
CodeWarrior42,CodeWarrior4248
CodeWarrior42,CodeWarrior4234
CodeWarrior42,CODEWARRIOR42
CodeWarrior42,CodeWarrior4267
CodeWarrior42,CodeWarrior4286
CodeWarrior42,CodeWarrior4287
CodeWarrior42,CodeWarrior420
CodeWarrior42,CodeWarrior4273
CodeWarrior42,CodeWarrior4237
CodeWarrior42,CodeWarrior4217
CodeWarrior42,CodeWarrior4226
CodeWarrior42,CodeWarrior4259
CodeWarrior42,CodeWarrior426
CodeWarrior42,Code_Warrior42
CodeWarrior42,24roirraWedoC
CodeWarrior42,CodeWarrior4242
CodeWarrior42,CodeWarrior4251
CodeWarrior42,CodeWarrior423
CodeWarrior42,CodeWarrior4214
CodeWarrior42,CodeWarrior4265
CodeWarrior42,CodeWarrior425
CodeWarrior42,CodeWarrior4212
CodeWarrior42,CodeWarrior4235
CodeWarrior42,CodeWarrior4291
CodeWarrior42,CodeWarrior4272
CodeWarrior42,CodeWarrior4279
CodeWarrior42,CodeWarrior4271
CodeWarrior42,CodeWarrior4293
CodeWarrior42,CodeWarrior4236
CodeWarrior42,CodeWarrior428
CodeWarrior42,CodeWarrior4230
CodeWarrior42,CodeWarrior4247
CodeWarrior42,CodeWarrior42
CodeWarrior42,CodeWarrior4276
CodeWarrior42,CodeWarrior4275
CodeWarrior42,CodeWarrior4231
CodeWarrior42,CodeWarrior4233
CodeWarrior42,CodeWarrior422
CodeWarrior42,CodeWarrior4262
CodeWarrior42,CodeWarrior4263
CodeWarrior42,CodeWarrior4221
CodeWarrior42,CodeWarrior4219
CodeWarrior42,CodeWarrior4269
CodeWarrior42,Code-Warrior42
CodeWarrior42,Codewarrior42
CodeWarrior42,CodeWarrior4280
CodeWarrior42,CodeWarrior4224
CodeWarrior42,CodeWarrior4288
CodeWarrior42,CodeWarrior4245
CodeWarrior42,CodeWarrior4252
CodeWarrior42,CodeWarrior4243
CodeWarrior42,CodeWarrior4255
CodeWarrior42,codewarrior42
CodeWarrior42,CodeWarrior4222
CodeWarrior42,CodeWarrior4213
CodeWarrior42,CodeWarrior4229
CodeWarrior42,CodeWarrior4294
CodeWarrior42,CodeWarrior4261
CodeWarrior42,CodeWarrior4238
CodeWarrior42,CodeWarrior4250
CodeWarrior42,CodeWarrior4246
CodeWarrior42,CodeWarrior427
CodeWarrior42,CodeWarrior4253
CodeWarrior42,CodeWarrior421
CodeWarrior42,CodeWarrior4274
CodeWarrior42,CodeWarrior4285
CodeWarrior42,CodeWarrior4218
CodeWarrior42,CodeWarrior4225
CodeWarrior42,CodeWarrior4254
NightWolf_2024,NightWolf_202434
NightWolf_2024,NightWolf_202457
NightWolf_2024,NightWolf_202477
NightWolf_2024,NightWolf_202448
NightWolf_2024,NightWolf_202462
NightWolf_2024,NightWolf_202419
NightWolf_2024,NightWolf_20248
NightWolf_2024,NightWolf_202433
NightWolf_2024,NightWolf_202486
NightWolf_2024,NightWolf_202421
NightWolf_2024,NightWolf_20240
NightWolf_2024,NightWolf_202494
NightWolf_2024,NightWolf_202485
NightWolf_2024,NightWolf_202417
NightWolf_2024,NightWolf_202460
NightWolf_2024,NightWolf_202410
NightWolf_2024,NightWolf_202482
NightWolf_2024,NightWolf_202416
NightWolf_2024,NightWolf_202439
NightWolf_2024,NightWolf_202498
NightWolf_2024,NightWolf_202449
NightWolf_2024,NightWolf_202487
NightWolf_2024,NightWolf_202423
NightWolf_2024,NightWolf_202495
NightWolf_2024,NightWolf_202481
NightWolf_2024,NightWolf_202473
NightWolf_2024,NightWolf_202465
NightWolf_2024,NightWolf_202438
NightWolf_2024,NightWolf_20241
NightWolf_2024,NightWolf_202453
NightWolf_2024,NightWolf_202422
NightWolf_2024,NightWolf_202441
NightWolf_2024,NightWolf_202470
NightWolf_2024,NightWolf_202440
NightWolf_2024,NightWolf_202414
NightWolf_2024,NightWolf_202444
NightWolf_2024,NightWolf_202469
NightWolf_2024,NightWolf_202447
NightWolf_2024,NightWolf_20244
NightWolf_2024,NightWolf_202456
NightWolf_2024,NightWolf_202429
NightWolf_2024,NightWolf_20243
NightWolf_2024,NightWolf_202430
NightWolf_2024,NightWolf_202415
NightWolf_2024,NightWolf_202464
NightWolf_2024,NightWolf_202452
NightWolf_2024,NightWolf_202412
NightWolf_2024,NightWolf_202420
NightWolf_2024,NightWolf_202478
NightWolf_2024,NightWolf_202491
NightWolf_2024,NightWolf_20245
NightWolf_2024,NightWolf_202436
NightWolf_2024,NightWolf_202450
NightWolf_2024,NightWolf_202431
NightWolf_2024,NightWolf_202489
NightWolf_2024,NightWolf_202427
NightWolf_2024,NightWolf_202484
NightWolf_2024,NightWolf_202454
NightWolf_2024,NightWolf2024
NightWolf_2024,NIGHTWOLF_2024
NightWolf_2024,NightWolf_202443
NightWolf_2024,NightWolf_202442
NightWolf_2024,NightWolf_202424
NightWolf_2024,NightWolf_202451
NightWolf_2024,Nightwolf_2024
NightWolf_2024,NightWolf_202472
NightWolf_2024,NightWolf_202488
NightWolf_2024,NightWolf_202468
NightWolf_2024,NightWolf_202471
NightWolf_2024,NightWolf_202480
NightWolf_2024,NightWolf_202492
NightWolf_2024,NightWolf_202496
NightWolf_2024,NightWolf_202476
NightWolf_2024,NightWolf_202461
NightWolf_2024,NightWolf_20249
NightWolf_2024,NightWolf_202411
NightWolf_2024,NightWolf_202455
NightWolf_2024,NightWolf_202475
NightWolf_2024,NightWolf_202463
NightWolf_2024,NightWolf_202459
NightWolf_2024,NightWolf_202426
NightWolf_2024,NightWolf_202425
NightWolf_2024,Night-Wolf-2024
NightWolf_2024,NightWolf_202497
NightWolf_2024,NightWolf_202493
NightWolf_2024,Night_Wolf_2024
NightWolf_2024,NightWolf_202499
NightWolf_2024,NightWolf_202446
NightWolf_2024,NightWolf_202483
NightWolf_2024,NightWolf_202435
NightWolf_2024,nightwolf_2024
NightWolf_2024,NightWolf_20247
NightWolf_2024,NightWolf_202437
NightWolf_2024,NightWolf_202413
NightWolf_2024,NightWolf_202418
NightWolf_2024,N1ghtW0lf_2024
NightWolf_2024,NightWolf_202445
NightWolf_2024,NightWolf_202432
NightWolf_2024,4202_floWthgiN
NightWolf_2024,NightWolf_202466
NightWolf_2024,NightWolf_202474
NightWolf_2024,NightWolf_202428
NightWolf_2024,NightWolf_202479
NightWolf_2024,NightWolf_20246
NightWolf_2024,NightWolf_202458
NightWolf_2024,NightWolf_202490
NightWolf_2024,NightWolf_20242
NightWolf_2024,NightWolf_202467
AquaNinjaX,AquaNinjaX95
AquaNinjaX,AquaNinjaX7
AquaNinjaX,AquaNinjaX22
AquaNinjaX,AquaNinjaX23
AquaNinjaX,AquaNinjaX12
AquaNinjaX,AquaNinjaX29
AquaNinjaX,AquaNinjaX80
AquaNinjaX,AquaNinjaX43
AquaNinjaX,AquaNinjaX83
AquaNinjaX,AquaNinjaX5
AquaNinjaX,AquaNinjaX51
AquaNinjaX,AquaNinjaX59
AquaNinjaX,Aqu4N1nj4X
AquaNinjaX,AquaNinjaX42
AquaNinjaX,AquaNinjaX53
AquaNinjaX,AquaNinjaX41
AquaNinjaX,AquaNinjaX63
AquaNinjaX,AquaNinjaX21
AquaNinjaX,AquaNinjaX4
AquaNinjaX,AquaNinjaX48
AquaNinjaX,AquaNinjaX77
AquaNinjaX,AquaNinjaX56
AquaNinjaX,AquaNinjaX97
AquaNinjaX,AquaNinjaX19
AquaNinjaX,AquaNinjaX76
AquaNinjaX,AquaNinjaX64
AquaNinjaX,AquaNinjaX88
AquaNinjaX,AquaNinjaX37
AquaNinjaX,aquaninjax
AquaNinjaX,AquaNinjaX69
AquaNinjaX,AquaNinjaX25
AquaNinjaX,AquaNinjaX26
AquaNinjaX,AquaNinjaX54
AquaNinjaX,AquaNinjaX89
AquaNinjaX,AquaNinjaX27
AquaNinjaX,AquaNinjaX18
AquaNinjaX,AquaNinjaX70
AquaNinjaX,AquaNinjaX31
AquaNinjaX,AquaNinjaX17
AquaNinjaX,AquaNinjaX11
AquaNinjaX,AquaNinjaX35
AquaNinjaX,AquaNinjaX86
AquaNinjaX,AquaNinjaX13
AquaNinjaX,AquaNinjaX99
AquaNinjaX,AquaNinjaX47
AquaNinjaX,AquaNinjaX39
AquaNinjaX,AquaNinjaX16
AquaNinjaX,AquaNinjaX0
AquaNinjaX,AquaNinjaX15
AquaNinjaX,AquaNinjaX71
AquaNinjaX,AquaNinjaX38
AquaNinjaX,AquaNinjaX81
AquaNinjaX,AquaNinjaX20
AquaNinjaX,AquaNinjaX49
AquaNinjaX,AquaNinjaX10
AquaNinjaX,AquaNinjaX93
AquaNinjaX,AquaNinjaX58
AquaNinjaX,AquaNinjaX66
AquaNinjaX,AquaNinjaX68
AquaNinjaX,AquaNinjaX65
AquaNinjaX,AquaNinjaX50
AquaNinjaX,AquaNinjaX87
AquaNinjaX,AquaNinjaX
AquaNinjaX,AquaNinjaX57
AquaNinjaX,AquaNinjaX28
AquaNinjaX,AquaNinjaX9
AquaNinjaX,AquaNinjaX36
AquaNinjaX,AquaNinjaX3
AquaNinjaX,AquaNinjaX92
AquaNinjaX,AquaNinjaX67
AquaNinjaX,AquaNinjaX75
AquaNinjaX,AquaNinjaX30
AquaNinjaX,AquaNinjaX45
AquaNinjaX,AquaNinjaX1
AquaNinjaX,XajniNauqA
AquaNinjaX,AquaNinjaX72
AquaNinjaX,AquaNinjaX82
AquaNinjaX,Aqua_Ninja_X
AquaNinjaX,AQUANINJAX
AquaNinjaX,AquaNinjaX78
AquaNinjaX,Aqua-Ninja-X
AquaNinjaX,AquaNinjaX55
AquaNinjaX,AquaNinjaX61
AquaNinjaX,AquaNinjaX62
AquaNinjaX,AquaNinjaX44
AquaNinjaX,AquaNinjaX96
AquaNinjaX,AquaNinjaX34
AquaNinjaX,AquaNinjaX98
AquaNinjaX,AquaNinjaX14
AquaNinjaX,AquaNinjaX2
AquaNinjaX,AquaNinjaX79
AquaNinjaX,AquaNinjaX60
AquaNinjaX,AquaNinjaX73
AquaNinjaX,Aquaninjax
AquaNinjaX,AquaNinjaX40
AquaNinjaX,AquaNinjaX74
AquaNinjaX,AquaNinjaX90
AquaNinjaX,AquaNinjaX85
AquaNinjaX,AquaNinjaX33
AquaNinjaX,AquaNinjaX6
AquaNinjaX,AquaNinjaX84
AquaNinjaX,AquaNinjaX8
AquaNinjaX,AquaNinjaX91
AquaNinjaX,AquaNinjaX24
AquaNinjaX,AquaNinjaX32
AquaNinjaX,AquaNinjaX94
AquaNinjaX,AquaNinjaX46
AquaNinjaX,AquaNinjaX52
SkylineRanger,SkylineRanger0
SkylineRanger,SkylineRanger73
SkylineRanger,SkylineRanger19
SkylineRanger,SkylineRanger40
SkylineRanger,SkylineRanger45
SkylineRanger,SkylineRanger46
SkylineRanger,SkylineRanger6
SkylineRanger,SkylineRanger63
SkylineRanger,SkylineRanger81
SkylineRanger,SkylineRanger23
SkylineRanger,SkylineRanger12
SkylineRanger,SkylineRanger48
SkylineRanger,SkylineRanger36
SkylineRanger,SkylineRanger24
SkylineRanger,SkylineRanger41
SkylineRanger,SkylineRanger62
SkylineRanger,SkylineRanger33
SkylineRanger,SkylineRanger71
SkylineRanger,SkylineRanger61
SkylineRanger,regnaRenilykS
SkylineRanger,SkylineRanger78
SkylineRanger,SkylineRanger30
SkylineRanger,SkylineRanger64
SkylineRanger,SkylineRanger58
SkylineRanger,Skyline-Ranger
SkylineRanger,SkylineRanger9
SkylineRanger,SkylineRanger5
SkylineRanger,SkylineRanger79
SkylineRanger,SkylineRanger89
SkylineRanger,SkylineRanger25
SkylineRanger,SkylineRanger68
SkylineRanger,SkylineRanger99
SkylineRanger,SkylineRanger87
SkylineRanger,SkylineRanger49
SkylineRanger,SkylineRanger56
SkylineRanger,SkylineRanger91
SkylineRanger,SkylineRanger53
SkylineRanger,SkylineRanger16
SkylineRanger,SkylineRanger76
SkylineRanger,SkylineRanger14
SkylineRanger,SkylineRanger66
SkylineRanger,SkylineRanger11
SkylineRanger,SkylineRanger92
SkylineRanger,SkylineRanger74
SkylineRanger,SkylineRanger29
SkylineRanger,skylineranger
SkylineRanger,SkylineRanger27
SkylineRanger,SkylineRanger90
SkylineRanger,SKYLINERANGER
SkylineRanger,SkylineRanger26
SkylineRanger,SkylineRanger3
SkylineRanger,SkylineRanger18
SkylineRanger,SkylineRanger37
SkylineRanger,SkylineRanger93
SkylineRanger,SkylineRanger10
SkylineRanger,SkylineRanger28
SkylineRanger,SkylineRanger39
SkylineRanger,SkylineRanger7
SkylineRanger,SkylineRanger67
SkylineRanger,SkylineRanger
SkylineRanger,SkylineRanger22
SkylineRanger,SkylineRanger32
SkylineRanger,Skyline_Ranger
SkylineRanger,SkylineRanger2
SkylineRanger,SkylineRanger88
SkylineRanger,SkylineRanger98
SkylineRanger,SkylineRanger69
SkylineRanger,SkylineRanger97
SkylineRanger,SkylineRanger75
SkylineRanger,SkylineRanger96
SkylineRanger,SkylineRanger4
SkylineRanger,SkylineRanger31
SkylineRanger,SkylineRanger70
SkylineRanger,Skyl1n3R4ng3r
SkylineRanger,SkylineRanger82
SkylineRanger,SkylineRanger38
SkylineRanger,SkylineRanger80
SkylineRanger,SkylineRanger35
SkylineRanger,SkylineRanger42
SkylineRanger,SkylineRanger84
SkylineRanger,SkylineRanger17
SkylineRanger,SkylineRanger34
SkylineRanger,SkylineRanger50
SkylineRanger,SkylineRanger44
SkylineRanger,SkylineRanger94
SkylineRanger,SkylineRanger65
SkylineRanger,SkylineRanger1
SkylineRanger,SkylineRanger47
SkylineRanger,SkylineRanger54
SkylineRanger,SkylineRanger15
SkylineRanger,SkylineRanger13
SkylineRanger,SkylineRanger21
SkylineRanger,SkylineRanger8
SkylineRanger,SkylineRanger83
SkylineRanger,SkylineRanger52
SkylineRanger,SkylineRanger20
SkylineRanger,SkylineRanger60
SkylineRanger,SkylineRanger86
SkylineRanger,SkylineRanger95
SkylineRanger,SkylineRanger77
SkylineRanger,SkylineRanger59
SkylineRanger,SkylineRanger72
SkylineRanger,SkylineRanger85
SkylineRanger,SkylineRanger57
SkylineRanger,SkylineRanger55
SkylineRanger,SkylineRanger43
SkylineRanger,SkylineRanger51
SkylineRanger,Skylineranger
StealthTiger7,StealthTiger70
StealthTiger7,StealthTiger749
StealthTiger7,StealthTiger798
StealthTiger7,StealthTiger76
StealthTiger7,StealthTiger773
StealthTiger7,StealthTiger754
StealthTiger7,StealthTiger725
StealthTiger7,StealthTiger792
StealthTiger7,StealthTiger738
StealthTiger7,StealthTiger741
StealthTiger7,StealthTiger77
StealthTiger7,StealthTiger770
StealthTiger7,StealthTiger729
StealthTiger7,StealthTiger727
StealthTiger7,StealthTiger755
StealthTiger7,StealthTiger777
StealthTiger7,StealthTiger78
StealthTiger7,7regiThtlaetS
StealthTiger7,stealthtiger7
StealthTiger7,StealthTiger752
StealthTiger7,StealthTiger785
StealthTiger7,StealthTiger767
StealthTiger7,StealthTiger713
StealthTiger7,StealthTiger793
StealthTiger7,Stealthtiger7
StealthTiger7,StealthTiger740
StealthTiger7,StealthTiger719
StealthTiger7,Stealth_Tiger7
StealthTiger7,StealthTiger745
StealthTiger7,StealthTiger753
StealthTiger7,St34lthT1g3r7
StealthTiger7,StealthTiger7
StealthTiger7,StealthTiger791
StealthTiger7,StealthTiger748
StealthTiger7,StealthTiger787
StealthTiger7,StealthTiger720
StealthTiger7,StealthTiger716
StealthTiger7,StealthTiger737
StealthTiger7,StealthTiger74
StealthTiger7,StealthTiger758
StealthTiger7,StealthTiger779
StealthTiger7,StealthTiger710
StealthTiger7,StealthTiger759
StealthTiger7,StealthTiger778
StealthTiger7,StealthTiger790
StealthTiger7,StealthTiger746
StealthTiger7,StealthTiger744
StealthTiger7,StealthTiger794
StealthTiger7,StealthTiger751
StealthTiger7,StealthTiger769
StealthTiger7,StealthTiger712
StealthTiger7,Stealth-Tiger7
StealthTiger7,StealthTiger728
StealthTiger7,StealthTiger774
StealthTiger7,StealthTiger784
StealthTiger7,StealthTiger73
StealthTiger7,StealthTiger750
StealthTiger7,StealthTiger721
StealthTiger7,StealthTiger732
StealthTiger7,StealthTiger763
StealthTiger7,StealthTiger783
StealthTiger7,StealthTiger711
StealthTiger7,StealthTiger743
StealthTiger7,STEALTHTIGER7
StealthTiger7,StealthTiger75
StealthTiger7,StealthTiger772
StealthTiger7,StealthTiger736
StealthTiger7,StealthTiger724
StealthTiger7,StealthTiger715
StealthTiger7,StealthTiger79
StealthTiger7,StealthTiger731
StealthTiger7,StealthTiger714
StealthTiger7,StealthTiger782
StealthTiger7,StealthTiger742
StealthTiger7,StealthTiger786
StealthTiger7,StealthTiger730
StealthTiger7,StealthTiger735
StealthTiger7,StealthTiger789
StealthTiger7,StealthTiger757
StealthTiger7,StealthTiger765
StealthTiger7,StealthTiger726
StealthTiger7,StealthTiger762
StealthTiger7,StealthTiger796
StealthTiger7,StealthTiger734
StealthTiger7,StealthTiger799
StealthTiger7,StealthTiger781
StealthTiger7,StealthTiger718
StealthTiger7,StealthTiger795
StealthTiger7,StealthTiger71
StealthTiger7,StealthTiger717
StealthTiger7,StealthTiger788
StealthTiger7,StealthTiger771
StealthTiger7,StealthTiger747
StealthTiger7,StealthTiger768
StealthTiger7,StealthTiger780
StealthTiger7,StealthTiger739
StealthTiger7,StealthTiger756
StealthTiger7,StealthTiger764
StealthTiger7,StealthTiger775
StealthTiger7,StealthTiger723
StealthTiger7,StealthTiger766
StealthTiger7,StealthTiger733
StealthTiger7,StealthTiger760
StealthTiger7,StealthTiger797
StealthTiger7,StealthTiger761
StealthTiger7,StealthTiger776
StealthTiger7,StealthTiger722
StealthTiger7,StealthTiger72
CrimsonVortex,CrimsonVortex37
CrimsonVortex,CrimsonVortex82
CrimsonVortex,CrimsonVortex10
CrimsonVortex,CrimsonVortex85
CrimsonVortex,CrimsonVortex24
CrimsonVortex,Crimson_Vortex
CrimsonVortex,CrimsonVortex46
CrimsonVortex,CrimsonVortex25
CrimsonVortex,CrimsonVortex49
CrimsonVortex,CrimsonVortex64
CrimsonVortex,Crimson-Vortex
CrimsonVortex,CrimsonVortex72
CrimsonVortex,CrimsonVortex1
CrimsonVortex,CrimsonVortex9
CrimsonVortex,CrimsonVortex83
CrimsonVortex,CrimsonVortex89
CrimsonVortex,CrimsonVortex50
CrimsonVortex,CrimsonVortex78
CrimsonVortex,CrimsonVortex99
CrimsonVortex,CrimsonVortex57
CrimsonVortex,CrimsonVortex12
CrimsonVortex,CrimsonVortex7
CrimsonVortex,Crimsonvortex
CrimsonVortex,CrimsonVortex63
CrimsonVortex,CrimsonVortex80
CrimsonVortex,CrimsonVortex5
CrimsonVortex,CrimsonVortex98
CrimsonVortex,CrimsonVortex13
CrimsonVortex,CrimsonVortex16
CrimsonVortex,CrimsonVortex26
CrimsonVortex,CrimsonVortex
CrimsonVortex,CrimsonVortex53
CrimsonVortex,CrimsonVortex42
CrimsonVortex,CrimsonVortex97
CrimsonVortex,CrimsonVortex22
CrimsonVortex,CrimsonVortex44
CrimsonVortex,Cr1m50nV0rt3x
CrimsonVortex,CrimsonVortex38
CrimsonVortex,CrimsonVortex73
CrimsonVortex,CrimsonVortex15
CrimsonVortex,CrimsonVortex43
CrimsonVortex,CrimsonVortex8
CrimsonVortex,CrimsonVortex95
CrimsonVortex,CrimsonVortex36
CrimsonVortex,CrimsonVortex88
CrimsonVortex,CrimsonVortex34
CrimsonVortex,CrimsonVortex32
CrimsonVortex,CrimsonVortex62
CrimsonVortex,CrimsonVortex56
CrimsonVortex,CrimsonVortex84
CrimsonVortex,CrimsonVortex76
CrimsonVortex,CrimsonVortex4
CrimsonVortex,CrimsonVortex66
CrimsonVortex,CrimsonVortex60
CrimsonVortex,CrimsonVortex55
CrimsonVortex,CrimsonVortex59
CrimsonVortex,CrimsonVortex33
CrimsonVortex,CrimsonVortex67
CrimsonVortex,CrimsonVortex29
CrimsonVortex,CrimsonVortex81
CrimsonVortex,CrimsonVortex48
CrimsonVortex,CrimsonVortex69
CrimsonVortex,CrimsonVortex96
CrimsonVortex,CrimsonVortex52
CrimsonVortex,CrimsonVortex92
CrimsonVortex,xetroVnosmirC
CrimsonVortex,CrimsonVortex21
CrimsonVortex,CrimsonVortex45
CrimsonVortex,CrimsonVortex58
CrimsonVortex,CrimsonVortex27
CrimsonVortex,CrimsonVortex39
CrimsonVortex,CrimsonVortex71
CrimsonVortex,CrimsonVortex18
CrimsonVortex,CrimsonVortex90
CrimsonVortex,crimsonvortex
CrimsonVortex,CrimsonVortex35
CrimsonVortex,CrimsonVortex70
CrimsonVortex,CrimsonVortex93
CrimsonVortex,CrimsonVortex2
CrimsonVortex,CrimsonVortex6
CrimsonVortex,CrimsonVortex30
CrimsonVortex,CrimsonVortex68
CrimsonVortex,CRIMSONVORTEX
CrimsonVortex,CrimsonVortex17
CrimsonVortex,CrimsonVortex65
CrimsonVortex,CrimsonVortex3
CrimsonVortex,CrimsonVortex91
CrimsonVortex,CrimsonVortex77
CrimsonVortex,CrimsonVortex61
CrimsonVortex,CrimsonVortex23
CrimsonVortex,CrimsonVortex94
CrimsonVortex,CrimsonVortex41
CrimsonVortex,CrimsonVortex79
CrimsonVortex,CrimsonVortex31
CrimsonVortex,CrimsonVortex54
CrimsonVortex,CrimsonVortex86
CrimsonVortex,CrimsonVortex47
CrimsonVortex,CrimsonVortex19
CrimsonVortex,CrimsonVortex14
CrimsonVortex,CrimsonVortex51
CrimsonVortex,CrimsonVortex28
CrimsonVortex,CrimsonVortex75
CrimsonVortex,CrimsonVortex40
CrimsonVortex,CrimsonVortex20
CrimsonVortex,CrimsonVortex87
CrimsonVortex,CrimsonVortex74
CrimsonVortex,CrimsonVortex0
CrimsonVortex,CrimsonVortex11
IronEagle99,IronEagle9997
IronEagle99,IronEagle9967
IronEagle99,IronEagle9961
IronEagle99,IronEagle995
IronEagle99,IronEagle9944
IronEagle99,IronEagle9925
IronEagle99,IronEagle9910
IronEagle99,IronEagle9952
IronEagle99,IronEagle9972
IronEagle99,IronEagle9973
IronEagle99,IronEagle9945
IronEagle99,IronEagle9962
IronEagle99,IronEagle9953
IronEagle99,IronEagle9959
IronEagle99,IronEagle9920
IronEagle99,IronEagle990
IronEagle99,IronEagle9940
IronEagle99,IronEagle993
IronEagle99,IronEagle9946
IronEagle99,IronEagle9986
IronEagle99,IronEagle9936
IronEagle99,IronEagle9954
IronEagle99,IronEagle9921
IronEagle99,IronEagle9929
IronEagle99,Iron-Eagle99
IronEagle99,IronEagle9913
IronEagle99,Ir0nE4gl399
IronEagle99,IronEagle9930
IronEagle99,IronEagle9968
IronEagle99,IronEagle9987
IronEagle99,IronEagle9914
IronEagle99,IronEagle9918
IronEagle99,IronEagle9926
IronEagle99,IronEagle9932
IronEagle99,IronEagle9979
IronEagle99,IronEagle9984
IronEagle99,IronEagle9976
IronEagle99,IronEagle9998
IronEagle99,IronEagle9983
IronEagle99,IronEagle9942
IronEagle99,IronEagle9924
IronEagle99,IronEagle9955
IronEagle99,IronEagle99
IronEagle99,IronEagle991
IronEagle99,IronEagle9949
IronEagle99,IronEagle9960
IronEagle99,IronEagle9950
IronEagle99,IronEagle9919
IronEagle99,IronEagle9911
IronEagle99,99elgaEnorI
IronEagle99,IronEagle9933
IronEagle99,IronEagle9965
IronEagle99,IronEagle9974
IronEagle99,IronEagle9990
IronEagle99,ironeagle99
IronEagle99,IronEagle9912
IronEagle99,IronEagle9957
IronEagle99,IronEagle9981
IronEagle99,IronEagle9978
IronEagle99,IronEagle9999
IronEagle99,IronEagle9966
IronEagle99,IronEagle9928
IronEagle99,IronEagle9988
IronEagle99,IronEagle9947
IronEagle99,IronEagle9970
IronEagle99,IronEagle9991
IronEagle99,IronEagle9931
IronEagle99,IronEagle9938
IronEagle99,IronEagle9935
IronEagle99,IronEagle9923
IronEagle99,IronEagle9934
IronEagle99,IronEagle9937
IronEagle99,IronEagle9939
IronEagle99,IronEagle998
IronEagle99,IronEagle9996
IronEagle99,IronEagle9977
IronEagle99,IronEagle9922
IronEagle99,IronEagle9993
IronEagle99,IronEagle9941
IronEagle99,IronEagle994
IronEagle99,IronEagle996
IronEagle99,IronEagle9948
IronEagle99,IronEagle9969
IronEagle99,IronEagle9956
IronEagle99,IronEagle9916
IronEagle99,IronEagle9985
IronEagle99,IRONEAGLE99
IronEagle99,IronEagle999
IronEagle99,IronEagle9917
IronEagle99,IronEagle9995
IronEagle99,IronEagle9963
IronEagle99,IronEagle9994
IronEagle99,Ironeagle99
IronEagle99,IronEagle9992
IronEagle99,Iron_Eagle99
IronEagle99,IronEagle9982
IronEagle99,IronEagle9951
IronEagle99,IronEagle9958
IronEagle99,IronEagle9927
IronEagle99,IronEagle992
IronEagle99,IronEagle9964
IronEagle99,IronEagle9980
IronEagle99,IronEagle9915
IronEagle99,IronEagle9943
IronEagle99,IronEagle997
IronEagle99,IronEagle9971
IronEagle99,IronEagle9989
IronEagle99,IronEagle9975
